{"train_r2_score": 0.9919975373878727, "valid_r2_score": 0.985075327278125, "test_r2_score": 0.9918518243417507, "train_mean_squared_error": 0.015607032872644014, "valid_mean_squared_error": 0.02910727223277029, "test_mean_squared_error": 0.015865644054123912, "train_mean_absolute_error": 0.08260231422184, "valid_mean_absolute_error": 0.11567556379042722, "test_mean_absolute_error": 0.08318734881377622}