{"train_r2_score": 0.9756924683347734, "valid_r2_score": 0.975384232881756, "test_r2_score": 0.9751583956803267, "train_mean_squared_error": 0.047419165770885584, "valid_mean_squared_error": 0.04795602194669474, "test_mean_squared_error": 0.048370097602192096, "train_mean_absolute_error": 0.15968069260067932, "valid_mean_absolute_error": 0.16030173571461645, "test_mean_absolute_error": 0.16098979925172038}