{"train_r2_score": 0.9957624482604073, "valid_r2_score": 0.9957069007894944, "test_r2_score": 0.9955892838011923, "train_mean_squared_error": 0.00826600396120147, "valid_mean_squared_error": 0.008366268981784943, "test_mean_squared_error": 0.008588284809888028, "train_mean_absolute_error": 0.06116226164674717, "valid_mean_absolute_error": 0.06186116629434869, "test_mean_absolute_error": 0.06193402629439967}