{"train_r2_score": 0.9893095018438961, "valid_r2_score": 0.9891201127295219, "test_r2_score": 0.9891440648535621, "train_mean_squared_error": 0.020830278793049425, "valid_mean_squared_error": 0.021296521920501674, "test_mean_squared_error": 0.021138032626194597, "train_mean_absolute_error": 0.09908215454312393, "valid_mean_absolute_error": 0.099714230867482, "test_mean_absolute_error": 0.0997690470858537}