{"train_r2_score": 0.9774299250077558, "valid_r2_score": 0.9771469892350748, "test_r2_score": 0.9771636109768178, "train_mean_squared_error": 0.04405491949083052, "valid_mean_squared_error": 0.04441973142110067, "test_mean_squared_error": 0.04446566138476682, "train_mean_absolute_error": 0.14554562355442194, "valid_mean_absolute_error": 0.14618620432810536, "test_mean_absolute_error": 0.1462570502082825}