{"train_r2_score": 0.9881354212233483, "valid_r2_score": 0.9879699868826048, "test_r2_score": 0.987922165973764, "train_mean_squared_error": 0.023130375054579558, "valid_mean_squared_error": 0.02349781689376945, "test_mean_squared_error": 0.023517241606229367, "train_mean_absolute_error": 0.10992606305242456, "valid_mean_absolute_error": 0.11031448174758343, "test_mean_absolute_error": 0.11057171455047896}